{
    "f": 2887.78,
    "cx": 1525.38,
    "cy": 1988.29,
    "k1": 0.0992913,
    "k2": -0.372798,
    "k3": 0.337045,
    "p1": 0.000230373,
    "p2": -0.000204854
}