lasLeft.x,lasLeft.y,staLeft.x,staLeft.y,lasRight.x,lasRight.y,staRight.x,staRight.y
-4.784,0.42,-4.78801,0.419816,0.043,0.42,0.0449934,0.419823
-4.787,0.835,-4.79258,0.834821,0.045,0.838,0.0504253,0.837818
-4.787,1.257,-4.79415,1.25682,0.049,1.258,0.0548592,1.25781
-4.787,1.678,-4.79471,1.67782,0.05,1.677,0.0562921,1.67681
-4.788,2.102,-4.79527,2.10182,0.05,2.099,0.0547281,2.09881
-4.785,2.529,-4.79783,2.52883,0.05,2.549,0.063193,2.54881
-4.796,2.794,-4.79556,2.79383,0.06,2.812,0.0614647,2.81181
-4.793,3.116,-4.79123,3.11582,0.061,3.096,0.0617581,3.09581
